{"web":{"client_id":"354950793927-k3bk65v3ulb5e5tmiv07ivbj7c8mh7l7.apps.googleusercontent.com","project_id":"udacity-212014","auth_uri":"https://accounts.google.com/o/oauth2/auth","token_uri":"https://www.googleapis.com/oauth2/v3/token","auth_provider_x509_cert_url":"https://www.googleapis.com/oauth2/v1/certs","client_secret":"J93LEVwCihVYwTwZKxt8iCRK","redirect_uris":["http://localhost:8000/login","http://localhost:8000/gconnect"],"javascript_origins":["http://localhost:8000","http://localhost:5000"]}}